treatment	ph	activity
1	6.885655709620108	9.363643618096264
1	7.189184681447017	16.4455171326146
1	6.826037532639662	18.569301445087806
1	6.9294691554109775	13.864106976274762
1	7.14500014761417	15.778628102620564
0	7.069630625610911	7.7880491627680595
0	6.919021059389517	7.385962313228166
0	7.06207399082487	7.459607838849459
0	6.951719385628996	8.312094773761569
0	7.464539456832786	8.083061143344398
