treatment	ph	activity
1	7.168926523732989	5.537435047236357
1	7.115210550929881	13.282924393294016
1	6.640599938838592	9.152751047409502
1	7.228268765958549	8.179140188951328
1	6.786121002489427	12.523006059854469
0	6.743684542606217	3.978695230078031
0	6.63477059436161	4.037038163003155
0	7.000877478059119	4.154167236097778
0	6.759721959801399	4.838853881369272
0	6.980126386320908	4.939488594638592
