treatment	ph	activity
1	6.959698859779458	9.96190074197643
1	7.135551018254464	10.977981195211688
1	6.819320310819527	15.694808224434949
1	7.0563528928748624	21.6323577516062
1	7.092898660453014	19.904704947581315
0	7.011278508412672	7.9333412695321694
0	7.244195235259208	7.692680183427395
0	7.196513972712959	7.90617821781575
0	6.960105743476736	7.544807320810481
0	6.828826853136308	7.94156012897706
