treatment	ph	activity
1	7.164837616663506	10.687246968068168
1	6.960738779969755	20.37462713697247
1	7.121875635700016	9.959936033918225
1	6.958345153958986	13.988623100752504
1	6.651179604682655	10.40546892550511
0	6.624527018600253	7.167538889962369
0	7.130015947286557	7.509792587187658
0	6.782407252713831	7.897332948050388
0	6.984165487438476	7.004442513087832
0	7.0164827973924675	7.3501324166416255
