treatment	ph	activity
1	7.038919920608824	11.212950921046442
1	6.878881960277425	9.692570608347104
1	7.2805708907614655	9.32595865028447
1	7.353491278390412	18.13227492927356
1	7.423496250672976	8.570857005597375
0	6.810702817158866	6.485349256880108
0	7.119595128324562	6.044710912098614
0	7.051843586722374	6.659420098922307
0	7.077749751683585	6.044527134184466
0	6.947645474776227	6.299438246859552
