treatment	ph	activity
1	6.991702141416735	8.54906479790797
1	6.878176908235541	16.571663767940464
1	6.970303748800806	9.857070277471149
1	6.90863916763681	21.574109363090223
1	6.981500597892103	13.080771240459239
0	6.930343191872969	7.833634875720421
0	7.02486767564207	7.612909209139528
0	7.1483412535129816	8.413769834280252
0	6.755440451442399	9.109199642126404
0	6.70360127948171	7.175339726784997
