treatment	ph	activity
1	7.055443972682024	6.99994058428917
1	6.986015925578904	9.598554412362438
1	6.938839510244223	7.780176643170039
1	6.745516518220611	3.9797424943592707
1	7.268468595309528	6.740214427823567
0	6.846908009218943	2.340317683824666
0	6.714842261979397	2.8624621081824784
0	7.104077645713181	2.969753515725387
0	7.201614608229849	3.3008360410241715
0	7.12965460308388	2.620713457785418
