treatment	ph	activity
1	7.234693602418405	25.08173758968514
1	7.015444376550982	6.7395797009832545
1	6.8730107325517364	14.220122011031938
1	6.869022517644264	5.308321112370722
1	7.196314581624641	7.501688099087139
0	6.930572019834395	5.946421471722747
0	6.776407973222299	4.985805079960519
0	7.198945662614761	4.870557687292488
0	7.0373807825271495	4.5160422267228455
0	6.959579412624407	4.837167362811848
