treatment	ph	activity
1	6.83564969904237	13.691207349902164
1	6.9985636747672775	6.8012359540835075
1	6.917628888223368	16.252432476516578
1	7.145832450917555	7.638606635771351
1	6.811745628381489	19.900794486528206
0	7.197073247119443	6.405458966813478
0	6.900366479654727	5.6785621767913845
0	7.126886190022026	6.261224010309755
0	6.69647910032329	5.764108688772438
0	6.6321579927757295	6.612383184008266
