treatment	ph	activity
1	6.96231512253085	10.077386370392816
1	7.053283342707546	10.188508716379046
1	6.7743660441029325	11.866363378576619
1	6.843636667229524	13.85159590066959
1	6.78301801535695	12.41766515206877
0	6.693024521866332	7.16307404656164
0	7.276884984788067	7.8851541643045815
0	6.714165051987606	6.904912329103405
0	7.22254162371518	7.6174209673364075
0	6.559454978950191	7.356906052048152
