treatment	ph	activity
1	7.195644449625886	14.340197300282936
1	6.974666244260172	8.207306759293386
1	7.050280180466363	3.5075478417310615
1	7.207623159840461	12.600646879484184
1	7.092016266329974	4.118387014894388
0	7.114664660406822	1.9775590694284797
0	6.572084464142506	1.731719459116094
0	7.211542335664104	2.4203081036395107
0	7.349373386864482	2.032931419668345
0	7.24017162782582	2.3012037822177547
