treatment	ph	activity
1	6.8941903951425045	12.166862506074786
1	6.965869990846919	14.057679652694123
1	6.693974128848144	9.113063131528527
1	6.925602034970015	6.469738037702665
1	7.13269133789225	9.426873158346446
0	7.3598032018308235	6.195835856380513
0	6.788980606298761	6.374414937259168
0	6.989006163900788	5.753879070852339
0	6.9752283059091615	6.462125556326177
0	6.602528508037921	6.483897610295433
