treatment	ph	activity
1	7.308768720013159	4.342675115814203
1	7.142300829911771	4.888022198219572
1	7.0549216408932285	6.791610479095244
1	7.157180465603938	4.629679623768858
1	6.856327189781623	5.732889904122423
0	7.009642255302019	4.726133149156182
0	7.008601361976421	3.557487342417077
0	6.743426436396183	4.601516295599616
0	7.105618229375407	4.352883413167984
0	7.242970915793223	4.7550321595638465
