treatment	ph	activity
1	6.877739745118616	10.2506211107548
1	6.883215258375377	11.00632194120383
1	7.28641193027776	19.421427619861074
1	6.7719156911289575	11.7236193540646
1	6.971182460864973	13.879511933457554
0	6.939368943236426	7.819368364307344
0	7.106259347392956	8.616577522054992
0	7.174984520761976	8.947125585441889
0	6.924218012722485	8.104311502064181
0	6.942562976395788	8.534803706301881
