treatment	ph	activity
1	6.937464099274154	7.5653192879783235
1	6.883010140838226	7.106200560155925
1	7.056688368568801	6.870712018630629
1	6.794306531311385	9.047324158152918
1	7.124784838331858	8.220562106025918
0	6.697071081098264	6.195945543667412
0	6.9976587852512315	6.2544919246463255
0	7.095143553520004	6.034364811606801
0	6.8423858781779865	5.339964063976948
0	7.0014955406322885	5.025716188864794
