treatment	ph	activity
1	6.782241402798163	25.33956244390621
1	6.840855549674297	6.131039268321891
1	7.176725543511578	15.49241316470194
1	6.668951478656745	18.149674287626095
1	6.360897937465085	9.745352332026762
0	7.133955770340943	5.657773268064682
0	7.113253007400702	6.668649205618141
0	7.040215606677609	5.278691511526472
0	7.204572001072281	5.596975411903117
0	6.922937345692287	4.687663516507916
