treatment	ph	activity
1	7.179424540621322	14.591727047964731
1	6.611406678940874	9.618658036795816
1	7.6434552101660564	19.458954669795954
1	6.841195748925555	29.79393090823323
1	6.992506971494201	8.290768753262716
0	7.015244896415232	7.916877914898306
0	7.1514800850664955	8.161663484368221
0	6.935261912453945	7.002133197226684
0	6.821898929772853	6.964821349464932
0	7.155280046993115	7.8470180513677406
