treatment	ph	activity
1	6.914705260379955	11.130186783859196
1	7.226671220733486	12.048270032130727
1	7.217563072726227	9.297687568375855
1	6.733545814528071	6.743173024667502
1	6.8462213914746135	11.045914980870805
0	7.106298014212273	5.175425203216328
0	6.970520447860801	4.227878664920498
0	6.917579658057244	6.7598097177538765
0	6.9612040482362385	4.964112869454872
0	7.242862237203537	5.242748176321288
