treatment	ph	activity
1	7.0534478702335175	8.41779580995387
1	6.820613641910944	6.498781120935765
1	7.056615262583164	7.679284028639289
1	7.077591613977471	12.112708120109913
1	7.335532746955586	10.599662432877295
0	7.087842125326194	5.00313771795058
0	7.127032292528344	4.776009172813417
0	6.8883294941829565	4.3712864061309205
0	7.059718953388848	4.526800104619727
0	6.730572490316214	5.202346173757434
