treatment	ph	activity
1	6.940253476365296	4.6284562782022896
1	7.113105058113205	5.294585385974926
1	7.072498020472699	11.584979430221736
1	7.412171974523872	12.861896840886999
1	6.940381827377847	13.95413137849486
0	6.949380622279014	3.9511323028984817
0	6.994961239429191	3.5768314942656363
0	6.865175288269743	4.020380073144834
0	7.0283865821405005	3.652470704272776
0	7.267801917196719	3.829771213189127
