treatment	ph	activity
1	6.852616387870947	13.611790803746867
1	6.812573948188371	7.1930597636413225
1	7.0166154443194015	13.028903834556415
1	7.09008544903838	25.81858783586552
1	6.788219091215317	4.70952014119189
0	7.3010220117435765	2.555997319021778
0	6.876275174015905	4.231743245844309
0	7.120592498699705	2.9403462852348516
0	6.894204237161698	3.728102282472144
0	6.821624924439998	4.111426066171182
