treatment	ph	activity
1	7.045837049540804	6.7014429290606135
1	7.192163059665289	9.29784947301012
1	6.843399424475249	13.47046791294434
1	6.78868674505252	4.121221760878223
1	6.708542757171856	4.221560625932069
0	7.015324266889841	3.557334907464549
0	6.8026054523112425	3.4088445059354737
0	7.108570876909108	3.8638324031542783
0	6.991130858063037	3.5792627102520305
0	6.753345384278189	3.9018541373794995
