treatment	ph	activity
1	6.884845850866046	12.236498228666676
1	7.101015143836069	7.625079918004525
1	6.601581284509025	11.173716050509125
1	7.326970815003427	11.76221650948441
1	6.98734743768938	15.610305958879916
0	6.975499685496533	5.982586597088391
0	6.421485764182895	5.9665813460506385
0	6.6278041431934085	6.230354049023567
0	6.541819609103266	6.752011901134857
0	6.793582736340585	6.457955889098807
