treatment	ph	activity
1	6.859876833434215	20.80600354510097
1	6.80991428200795	7.135314067558742
1	7.037125673477728	10.758545074154018
1	6.9023661361377595	11.843964128575013
1	7.2394637449926	19.093546723047538
0	6.989006838841445	6.263643771689816
0	6.94467160898091	5.660941489921136
0	7.1526615978544985	6.046501948006174
0	6.705115415979471	5.905050804610246
0	7.062474791409772	6.523666961909269
