treatment	ph	activity
1	7.13742759087271	13.469923293828353
1	6.988584674244351	6.302764029973581
1	7.041047091980167	6.613879179732399
1	7.0511668202312965	12.200269924609394
1	6.993813759279978	19.854226586173663
0	6.989530672209182	5.5067732247373575
0	7.273270414553827	5.667290691464494
0	6.967661110295899	5.1721050082228555
0	7.41800667278791	5.867962228174065
0	6.864273524435109	4.917277637027246
