treatment	ph	activity
1	6.978100546454837	9.619531140413542
1	7.2408182010904	14.109446364746784
1	6.843096520084284	15.55548777003087
1	6.79666598829647	10.526741346734317
1	6.99863083852971	29.804678183303135
0	7.085744498396084	9.185020354507154
0	6.732847457619929	8.385053444022667
0	6.633864222035999	8.076672338093418
0	6.74393143936349	7.545845384849992
0	7.087923857705693	8.470478668392781
