treatment	ph	activity
1	6.994784848717925	9.32073923802573
1	7.071902152789758	7.0041197755875535
1	7.095999728983873	9.190050471081818
1	7.015857601207685	9.974922546310966
1	7.203377905197996	9.13478899217281
0	6.906729217219539	6.862803451897291
0	6.935777205281769	7.1875581975370615
0	7.547009965436038	6.972450982610075
0	7.037012671092404	7.441880203778951
0	7.220340792272064	8.304771701756856
