treatment	ph	activity
1	6.8687055405316935	10.549966523951129
1	7.160026004426233	20.120670377016623
1	7.2305173591532155	10.070034736034518
1	7.2022994659965915	30.720363133728753
1	7.001513945237616	7.5253459204305475
0	6.970947379805059	6.530744205542565
0	6.988596914119367	7.129338232409355
0	6.86837783198331	5.963998405222078
0	6.830191110974551	6.202108019858668
0	6.9752884049321064	6.23493737760361
