treatment	ph	activity
1	7.027215722359613	13.356362470922702
1	6.955959544732296	17.86557156804214
1	6.777014477608738	17.631226880740627
1	7.066259570642075	32.46458029817503
1	6.9893630573155505	8.716792428180234
0	6.900235720043102	7.865858754463091
0	6.9551210100493	8.62947732000992
0	6.957804732372241	8.739698126321416
0	7.222603800711013	7.362116067243408
0	6.906756082660667	8.75940639180671
