treatment	ph	activity
1	7.128114630627583	8.508215817818861
1	6.626228903824282	23.338352825579705
1	6.872346298006603	12.997197058147691
1	7.062831678192188	6.331163605175302
1	6.8003590599404315	14.759123566210071
0	7.220872085374935	5.861487417762412
0	7.371747971263514	6.227370323091718
0	6.622305383348368	6.148811059493054
0	7.09779140829457	5.616173505191048
0	6.897338111075588	5.91903513965482
