treatment	ph	activity
1	6.842711365673575	14.863900338397857
1	7.020075474644629	7.574585371029398
1	7.455048081309969	10.843477171451424
1	7.175734380587381	7.359141599417475
1	7.369222963862645	7.295719857350309
0	7.104890962272996	5.40184511023863
0	7.107228331058788	5.321815513586316
0	7.127987391439658	5.930066088717894
0	6.589157956218295	6.001119425714958
0	6.640138426456156	6.337367757225632
