treatment	ph	activity
1	7.289547011472563	7.688388858246891
1	7.344409415852293	12.591289595605536
1	7.02149926642605	15.930503940405039
1	7.274576201957366	9.600392157258716
1	6.76597356172827	9.536996092639987
0	7.349873146194446	6.288812359195374
0	7.033003314964299	6.422667352125676
0	6.867358890903947	5.2409859845884235
0	7.118758086237595	5.854595283698073
0	7.068672045058716	5.114479446826415
