treatment	ph	activity
1	6.729543648297765	9.138534557860654
1	7.313961645200094	18.31661277069007
1	6.858043683962243	14.436487948567565
1	6.696708546932787	7.652272804383287
1	6.855122741367886	14.279754161002991
0	6.901718272303786	7.8200581522981345
0	6.849028873482663	6.979569214862852
0	6.961935785309102	6.786817632720952
0	6.889470104646254	7.87472539722169
0	7.135139124408289	7.175850178003553
