treatment	ph	activity
1	7.0593107567798095	11.839104398809855
1	6.817208202570239	15.683767877924383
1	6.877963166652234	10.693672928372795
1	7.0154134009993925	21.183469906658054
1	7.2364538123897475	11.681434681654082
0	6.998215494125376	7.438783822252834
0	7.1713624174909665	7.649344853144633
0	7.015931099477112	7.6841406024747645
0	7.250586349670858	6.749058142271115
0	6.999672425901126	7.427666934198729
