treatment	ph	activity
1	7.222153128186217	16.757084740337483
1	6.962746612185855	8.609402340938434
1	7.074716773726616	23.87584624123969
1	6.715826193556672	11.569549628887067
1	7.33344319704835	13.004373301998006
0	6.786142817213506	6.698497210244616
0	6.674665934060505	5.810324665201101
0	6.720398369585509	6.769818720629225
0	6.981252658586401	6.566725469823476
0	7.263523539511828	6.171459880144575
