treatment	ph	activity
1	7.121773998655001	6.3620666204752165
1	6.38102588210236	7.890312374664251
1	7.363472975350416	7.231786866535108
1	6.9145865194640885	20.152154484069595
1	7.231548562751809	14.085553878832068
0	6.787674671249471	5.24434726263225
0	6.942476947165016	5.683935247733254
0	6.905930621871503	5.212197391992911
0	6.842772584328031	5.486772131735641
0	6.874116229403649	5.293706623460259
