treatment	ph	activity
1	6.8137976302324805	10.411329393073526
1	7.678703356417772	13.842940186641863
1	6.98753182847416	5.497065314197016
1	7.184076094746073	5.341089463686435
1	7.045409025886817	10.010422912509068
0	6.922896396636986	4.13337196145315
0	7.07501310508424	5.235992363780363
0	7.152951213269076	5.425908244797068
0	7.212335312007663	4.731690506108917
0	6.966446966667241	4.302102944341952
