treatment	ph	activity
1	6.803041617534126	10.772510207851822
1	6.783837157186815	10.092579297743278
1	6.763481985866205	12.744369111594075
1	7.073540762352326	11.310567344499356
1	7.157688586493617	14.50765725851655
0	6.835840197093746	9.47067842066712
0	7.344062931045104	9.555271821830296
0	6.85353137295235	8.880384854899829
0	6.933571739519795	8.297109276692405
0	7.294056961009001	9.63170013121291
