treatment	ph	activity
1	7.0038056529816926	20.739499946659528
1	6.9097518529319695	10.319895953590521
1	6.91845867752421	9.811488288834465
1	7.122711766365074	9.218103279984469
1	6.95043195282522	19.84236670574127
0	6.697233122007159	8.414381782720705
0	7.181739766320559	8.538939822084734
0	7.091542202775623	8.623477634897748
0	7.024374771891732	7.948289105080359
0	7.008924109377726	7.8980163891549555
