treatment	ph	activity
1	6.663419845803122	10.38896040923634
1	7.064964826118967	13.142715001508599
1	6.987986627055333	15.34454402252942
1	7.147863692087802	9.140313265550734
1	7.162380761377328	15.801688591583709
0	6.961668254539115	6.807936050667608
0	7.299210831418232	7.128996308512752
0	6.768173948377615	5.944621118529507
0	6.942320648679221	6.399855556690845
0	6.875818236542413	5.513112813980667
