treatment	ph	activity
1	6.834048336050722	9.883288450573408
1	7.104589131635872	6.765878184954801
1	7.22880024873652	4.876144768368165
1	7.263117717229416	7.58928844530848
1	6.874876412837104	5.8237276884017
0	6.879782750062528	4.332637252003322
0	6.833841982393455	4.5588532494556295
0	7.10425872472527	4.088794129758178
0	6.76218008169413	4.759844949156008
0	6.7545252155904905	5.095651052313638
