treatment	ph	activity
1	6.811247787094121	19.27396938465052
1	6.682510698032258	19.15304973512834
1	7.210600189190065	9.50501006561991
1	6.9635418620428835	10.434440648413478
1	6.662410843322236	9.425397426400925
0	7.020447130931163	7.670654047524003
0	6.966210029791912	7.923993088137475
0	7.337546150366337	7.668207468905691
0	7.288603527607789	7.013196469247567
0	6.619307835042077	7.231800679264696
