treatment	ph	activity
1	7.095993200620209	10.895624895495656
1	7.3036290280087925	17.348329639552336
1	7.11807028789174	11.356152225246776
1	6.866679480295354	19.79325098147778
1	6.6591283594488955	8.843337528482635
0	6.639860055268748	8.84207140673059
0	6.948303151085292	9.147599826181466
0	7.209430112920092	9.129277475595472
0	6.903037798212182	9.067564359959418
0	7.117010357944717	8.981915384435368
