treatment	ph	activity
1	6.907882525013055	7.515273118856374
1	7.063179499019584	7.639051994310561
1	6.982972648500675	10.900424736298069
1	7.088137265042091	10.10372087869013
1	7.099398744289087	10.626424065060764
0	6.926718997149192	7.3510200526058895
0	6.777358189294725	6.5071736108050215
0	6.649355334297116	6.615635097234148
0	6.8380718963186835	7.394444754558087
0	7.511650545106403	7.303242171251279
