treatment	ph	activity
1	6.9482690397883795	9.057732593779846
1	6.68589647471721	6.603259334819661
1	6.868320570768805	8.549049719934624
1	7.301989252439643	20.19698351297542
1	7.228766228432891	12.388653688974646
0	6.644068369403634	5.489218483359769
0	7.32628332266132	6.348835096228078
0	7.251530381694185	5.874521731564259
0	7.293723212975868	5.929756815635893
0	6.812817739425279	5.7119424000636885
