treatment	ph	activity
1	7.181809613757004	15.38206586411659
1	6.9872017351720785	10.205983878456738
1	7.372577912890189	15.222991720790102
1	7.286844458003532	31.713114196186012
1	6.891978783464442	7.800681742311699
0	6.973208120800128	6.211474209964544
0	7.115541606009181	7.05066931463314
0	6.878022672598621	5.787729311423005
0	6.957749358840338	5.914459644122935
0	7.049576576996334	6.925412031880433
