treatment	ph	activity
1	7.170580306594721	8.575914275794922
1	7.1290989583619515	13.416563638475338
1	7.1339843391893	29.264952779664217
1	6.938656705052175	16.513067897706954
1	7.353641458992814	11.222968526129687
0	7.167824163870053	7.439046739743525
0	6.861387730132968	7.349803886259776
0	6.797688249553742	6.463311740195621
0	6.940182155147406	7.664714135883775
0	7.210175813748684	7.863097045657149
