treatment	ph	activity
1	7.262127543144992	13.2325468004221
1	7.34785021923925	16.079358435306286
1	6.814289197733021	11.349267710685403
1	6.842475455262008	16.862538262771302
1	7.343788834363884	9.476992466684393
0	6.9910544392865335	9.39596393989342
0	6.909878810621575	8.81917009468318
0	6.977521658345949	8.993385320870217
0	7.211357238453181	9.207847398176781
0	6.9110108326261015	8.185847340685049
