treatment	ph	activity
1	7.038864769098356	12.729393571075224
1	6.981690938134619	8.497595708826891
1	6.44797375503073	12.958024842781931
1	7.0411353531382845	16.2904919331017
1	7.3127746578561	8.237163310456916
0	7.166846127300779	6.887144546768552
0	7.221347667087871	6.681235831967427
0	7.3066636393977955	6.570633421421128
0	7.13536164877256	6.4937944172382895
0	6.73692653430317	6.902976959290541
