treatment	ph	activity
1	6.648674955313504	6.571785729905611
1	7.00605373156563	8.360765338404743
1	6.677275310596636	7.54474533080869
1	7.033482263646784	7.9231524836054605
1	6.939632217259561	5.708798964941923
0	7.015508611269854	5.016629902684769
0	7.195707467698185	6.397575532687767
0	7.040548108377392	4.606435774962886
0	7.202832893140147	5.238793800959307
0	6.6684962562208385	4.5551655828834186
